{
  "accuracy": [
    0.8539110422134399,
    0.8989647030830383,
    0.915069043636322,
    0.9169861674308777,
    0.918136477470398,
    0.9265720844268799,
    0.9294478297233582,
    0.9244632124900818,
    0.9327070713043213,
    0.9275306463241577,
    0.9258052110671997,
    0.9340490698814392,
    0.9367331266403198,
    0.9428681135177612,
    0.9455521702766418
  ],
  "loss": [
    0.341011106967926,
    0.2262226939201355,
    0.19549143314361572,
    0.19628660380840302,
    0.18201418220996857,
    0.1654536873102188,
    0.16521543264389038,
    0.17884720861911774,
    0.16501440107822418,
    0.171395406126976,
    0.17600487172603607,
    0.15627922117710114,
    0.1393788903951645,
    0.13083750009536743,
    0.1264849752187729
  ],
  "val_accuracy": [
    0.5625,
    0.5,
    0.5,
    0.875,
    0.625,
    0.6875,
    0.8125,
    0.6875,
    0.875,
    0.6875,
    0.8125,
    0.75,
    0.875,
    0.8125,
    0.875
  ],
  "val_loss": [
    0.7247219085693359,
    1.7377917766571045,
    2.9649758338928223,
    0.5779964923858643,
    1.0975338220596313,
    0.45245423913002014,
    0.4714863896369934,
    1.316150188446045,
    0.30740052461624146,
    0.5410520434379578,
    0.40764501690864563,
    0.39624693989753723,
    0.2312183380126953,
    0.41937077045440674,
    0.2648750841617584
  ],
  "learning_rate": [
    9.999999747378752e-06,
    9.999999747378752e-06,
    9.999999747378752e-06,
    9.999999747378752e-06,
    9.999999747378752e-06,
    9.999999747378752e-06,
    9.999999747378752e-06,
    9.999999747378752e-06,
    9.999999747378752e-06,
    9.999999747378752e-06,
    9.999999747378752e-06,
    9.999999747378752e-06,
    4.999999873689376e-06,
    4.999999873689376e-06,
    4.999999873689376e-06
  ]
}