{
  "accuracy": [
    0.8144171833992004,
    0.8811349868774414,
    0.8970475196838379,
    0.9064416885375977,
    0.9037576913833618,
    0.9206288456916809,
    0.9225460290908813,
    0.9236963391304016,
    0.9309815764427185,
    0.9355828166007996,
    0.9451687335968018
  ],
  "loss": [
    0.4054255485534668,
    0.2827572226524353,
    0.253212034702301,
    0.22776852548122406,
    0.22519931197166443,
    0.18626901507377625,
    0.18314243853092194,
    0.1831955909729004,
    0.16337797045707703,
    0.1529894769191742,
    0.14086410403251648
  ],
  "val_accuracy": [
    0.8125,
    0.625,
    0.8125,
    0.75,
    0.8125,
    0.875,
    0.8125,
    0.8125,
    0.8125,
    0.8125,
    0.75
  ],
  "val_loss": [
    0.4005436599254608,
    0.8976309299468994,
    0.39240819215774536,
    0.6109174489974976,
    0.4270947575569153,
    0.2719302773475647,
    0.4664004445075989,
    0.2982008755207062,
    0.699262261390686,
    0.5872237682342529,
    0.695165753364563
  ],
  "learning_rate": [
    0.0010000000474974513,
    0.0010000000474974513,
    0.0010000000474974513,
    0.0010000000474974513,
    0.0010000000474974513,
    0.0010000000474974513,
    0.0010000000474974513,
    0.0010000000474974513,
    0.0010000000474974513,
    0.0005000000237487257,
    0.0005000000237487257
  ]
}