{
  "accuracy": [
    0.598351240158081,
    0.7200919985771179,
    0.7417561411857605,
    0.7670629024505615,
    0.7893021702766418,
    0.7843174934387207,
    0.7921779155731201,
    0.8042561411857605,
    0.8029140830039978
  ],
  "loss": [
    0.6709372401237488,
    0.5796022415161133,
    0.5369453430175781,
    0.5063684582710266,
    0.48064449429512024,
    0.47080346941947937,
    0.4668455421924591,
    0.4425448477268219,
    0.434493750333786
  ],
  "val_accuracy": [
    0.8125,
    0.6875,
    0.625,
    0.6875,
    0.625,
    0.625,
    0.6875,
    0.625,
    0.6875
  ],
  "val_loss": [
    0.6229945421218872,
    0.5729735493659973,
    0.5613152384757996,
    0.5335937738418579,
    0.6356432437896729,
    0.6174670457839966,
    0.5374974608421326,
    0.6368985772132874,
    0.576524019241333
  ],
  "learning_rate": [
    0.0010000000474974513,
    0.0010000000474974513,
    0.0010000000474974513,
    0.0010000000474974513,
    0.0010000000474974513,
    0.0010000000474974513,
    0.0010000000474974513,
    0.0005000000237487257,
    0.0005000000237487257
  ]
}